id,name_de,status
1,100 Mile House/BC,active
2,70 Mile House/BC,active
3,Aarhus,active
4,Abaco/BS,active
5,Abashiri,active
6,Abel Tasman Nationalpark,active
7,Aberdare Nationalpark,active
8,Abu Dhabi,active
9,Accra,active
10,Achalziche,active
11,Adams/MA,active
12,Addis Abeba,active
13,Addo Elephant NP,active
14,Adelaide,active
15,Adishi,active
16,Agatha Forest Game Reserve,active
17,Agnes Water,active
18,Agra,active
19,Aguas Calientes,active
20,Ahe,active
21,Ahipara,active
22,Aireys Inlet,active
23,Airlie Beach,active
24,Ait Ben Haddou,active
25,Aitutaki,active
26,Ajman,active
27,Akan,active
28,Akanin’ny Nofy,active
29,Akaroa,active
30,Akureyri,active
31,Al Ain,active
32,Al Kharijah,active
33,Al Najada Doha,active
34,Alagan Wüste,active
35,Alajuela,active
36,Alamosa/CO,active
37,Alamosa/NM,active
38,Albany,active
39,Albany/NY,active
40,Albertinia,active
41,Albuquerque/NM,active
42,Albury,active
43,Algonquin Park/ON,active
44,Alice Springs,active
45,Alishan,active
46,Alleppey,active
47,Alma/NB,active
48,Almuñecar,active
49,Alphonse Island,active
50,Alpujarra,active
51,Alta,active
52,Alta Floresta,active
53,Altai,active
54,Alto Jahuel,active
55,Amakhala Game Reserve,active
56,Amarillo/TX,active
57,Amboseli Nationalpark,active
58,Ambrym,active
59,Amed,active
60,Amelia Island/FL,active
61,Amsterdam,active
62,Anaerangal Lake,active
63,Anaheim/CA,active
64,Anaura Bay,active
65,Anchorage/AK,active
66,Ancud,active
67,Andasibe,active
68,Anglesea,active
69,Angra dos Reis,active
70,Anjajavy,active
71,Anna Maria Island/FL,active
72,Antananarivo,active
73,Antigonish/NS,active
74,Antigua,active
75,Antofagasta,active
76,Antonito/CO,active
77,Anuradhapura,active
78,Apalachicola/FL,active
79,Apollo Bay,active
80,Aracena,active
81,Aragats,active
82,Arcata/CA,active
83,Arco/ID,active
84,Arequipa,active
85,Arica,active
86,Arlington/VT,active
87,Armidale,active
88,Arnhemland,active
89,Arniston,active
90,Arrowtown,active
91,Arthur's Pass,active
92,Arthur River,active
93,Aruba,active
94,Arusha,active
95,Asahidake,active
96,Ashburton,active
97,Asheville/NC,active
98,Ashford/WA,active
99,Ashizurimisaki,active
100,Ashland/OR,active
101,Aspen/CO,active
102,Astana,active
103,Astoria/OR,active
104,Atar,active
105,Athen,active
106,Atherton Tablelands,active
107,Atiu,active
108,"Atlanta, GA",active
109,Atlanta/GA,active
110,Atlantic City/NJ,active
111,Auburn/WA,active
112,Auckland,active
113,Augrabies Falls NP,active
114,Augusta,active
115,Augusta/GA,active
116,Aus,active
117,Austin/TX,active
118,Awanui,active
119,Ayers Rock,active
120,Aysen,active
121,Ayutthaya,active
122,Babanango Game Reserve,active
123,Baddeck/NS,active
124,Badulla,active
125,Bagaces,active
126,Bagamoyo,active
127,Bagan,active
128,Bahia Inglesa,active
129,Baie-Comeau/PQ,active
130,Baie-Saint-Paul/QC,active
131,Baie des Chaleurs,active
132,Bainbridge Island/WA,active
133,Bairnsdale,active
134,Bakersfield/CA,active
135,Baku,active
136,Bali,active
137,Ballarat,active
138,Ballina,active
139,Ballito,active
140,Balmaceda,active
141,Baltimore/MD,active
142,Baltra,active
143,Balule Game Reserve,active
144,Bandar Abbas,active
145,Bandar Seri Begawan,active
146,Bandera/TX,active
147,Bandon/OR,active
148,Banff/AB,active
149,Bangkok,active
150,Banjul,active
151,Banks Peninsula,active
152,Banos,active
153,Bar Harbor/ME,active
154,Baralaba,active
155,Barberton,active
156,Bargara,active
157,Bariloche,active
158,Barinas,active
159,Barmera,active
160,Barossa Valley,active
161,Barranquilla,active
162,Barreal,active
163,Barrie/ON,active
164,Basse Pointe,active
165,Bateau Bay,active
166,Batemans Bay,active
167,Bathurst,active
168,Baton Rouge/LA,active
169,Bay City/MI,active
170,Bay City/OR,active
171,Bazaruto Archipel,active
172,Beaufort West,active
173,Beauty Point,active
174,Beaverton/OR,active
175,Bedarra Island,active
176,Beechworth,active
177,Beerwah,active
178,Bela Bela,active
179,Belem,active
180,Belen,active
181,Bell Gorge,active
182,Bella Coola Valley/BC,active
183,Bella Coola/BC,active
184,Bellingen,active
185,Bellingham/WA,active
186,Belo Horizonte,active
187,Belum,active
188,Bend/OR,active
189,Bendigo,active
190,Benguerra Island,active
191,Bentota,active
192,Beqa Lagoon,active
193,Berkshires/MA,active
194,Berlin,active
195,Bermagui,active
196,Bethal,active
197,Bethel/ME,active
198,Bethlehem,active
199,Betscho,active
200,Bibione,active
201,Bicheno,active
202,Big Bend/TX,active
203,Big Island,active
204,"Big Island , Kailua-Kona",active
205,"Big Island, Hilo",active
206,Big Island/HI,active
207,Big Sur/CA,active
208,Biggera Waters,active
209,Bikaner,active
210,BIL,active
211,Bilene,active
212,"Billings, MT",active
213,Billings/MT,active
214,Binghamton/NY,active
215,Bintan,active
216,Bird Island,active
217,Birdsville,active
218,Birmingham/AL,active
219,Birregurra,active
220,Bischkek,active
221,Bishop/CA,active
222,Bismarck/ND,active
223,Blairsville/GA,active
224,Blanchetown,active
225,Blenheim,active
226,Bloemfontein,active
227,Blue Bell/PA,active
228,Blue Mountains,active
229,Bluff,active
230,Blyde River Canyon,active
231,Blythe/CA,active
232,Boca Tapada,active
233,Bodega Bay/CA,active
234,Bogota,active
235,Boise/ID,active
236,Bokissa Island,active
237,Bonaire,active
238,Bonaventure/PQ,active
239,Bonito,active
240,Booroloola,active
241,Boothbay Harbor/ME,active
242,Boquete,active
243,Bora Bora,active
244,Borgarfjörður,active
245,Borgarnes,active
246,Borrego Springs,active
247,Borroloola,active
248,Boston,active
249,"Boston, MA",active
250,Boston/MA,active
251,"Boulder City, NV",active
252,Bourke,active
253,"Bozeman, MT",active
254,Bozeman/MT,active
255,Bradenton/FL,active
256,Brampton Island,active
257,Brandberg,active
258,Brasilia,active
259,Breckenridge/CO,active
260,Breede River,active
261,Bremer Bay,active
262,Bremerton/WA,active
263,Bretton Woods/NH,active
264,Bribie Island,active
265,Brigham City/UT,active
266,Bright,active
267,Brisbane,active
268,Britstown,active
269,Broken Hill,active
270,Bronte Park,active
271,Brookville/PA,active
272,Broome,active
273,Broulee,active
274,Bryce Canyon/UT,active
275,Bryson City/NC,active
276,Bubión,active
277,Buchara,active
278,Buenos Aires,active
279,Buffalo/NY,active
280,Buffalo/WY,active
281,Bulahdelah,active
282,Bulawayo,active
283,Bumthang,active
284,Bunbury,active
285,Bundaberg,active
286,Bungle Bungle,active
287,Bunker Bay,active
288,Bunya Mountains,active
289,Burlington/VT,active
290,Burnie,active
291,Busan,active
292,Busselton,active
293,Butte/MT,active
294,Buzios,active
295,Bwabwata Nationalpark,active
296,Byron Bay,active
297,Cable Bay,active
298,Cabo Virgenes,active
299,Cachapoal Valley,active
300,Cache Creek/BC,active
301,Cachi,active
302,Cadiz,active
303,Cafayate,active
304,Cahuita,active
305,Cairns,active
306,Cajamarca,active
307,Calama,active
308,Caleta Gonzalo,active
309,Caleta Tortel,active
310,Calgary,active
311,Calgary/AB,active
312,"California Central Coast, CA",active
313,Calistoga/CA,active
314,Caloundra,active
315,Cam Ranh,active
316,Camano Island/WA,active
317,Camas/WA,active
318,Cambria/CA,active
319,Cambridge,active
320,Camden/ME,active
321,Camden/SC,active
322,Cameron Highlands,active
323,Camp Grande,active
324,Campbell River/BC,active
325,Campbell Town,active
326,Campeche,active
327,Campo Grande,active
328,Can Tho,active
329,Canberra,active
330,Cancun,active
331,Cancun/MX,active
332,Candidasa,active
333,Canggu,active
334,Cania Gorge,active
335,Canmore/AB,active
336,Cannon Beach/OR,active
337,Cano Negro,active
338,Cao Bang,active
339,Cape Agulhas,active
340,Cape Breton Highlands Nationalpark/NS,active
341,"Cape Cod, MA",active
342,Cape Cod/MA,active
343,Cape Cross,active
344,Cape Foulwind,active
345,Cape Hillsborough NP,active
346,Cape Jervis,active
347,Cape Kiwanda/OR,active
348,Cape Leveque,active
349,Cape Maclear,active
350,Cape Otway,active
351,Cape Palliser,active
352,Cape Tribulation,active
353,Capelas,active
354,Caraquet/NB,active
355,Cardrona Valley,active
356,Cardwell,active
357,Carleton-sur-Mer/PQ,active
358,Carleton-sur-mer/QC,active
359,Carlsbad/NM,active
360,Carmel/CA,active
361,Carmila,active
362,Carnarvon,active
363,Carnarvon Gorge,active
364,Carson City/NV,active
365,Cartagena,active
366,Casablanca Tal,active
367,Casper/WY,active
368,Castro,active
369,Catlins,active
370,Cave Junction/OR,active
371,Cavendish,active
372,Cavendish/PE,active
373,Caye Caulker,active
374,Cayo Largo,active
375,Cayo Santa Maria,active
376,CDY,active
377,Cedar Key/FL,active
378,Ceduna,active
379,Central Kalahari,active
380,Ceres,active
381,Cerf Island,active
382,Cerro Castillo,active
383,Cerro Sombrero,active
384,Cervantes,active
385,Chanaral,active
386,Charleston,active
387,Charleston/SC,active
388,Charlotte/NC,active
389,Charlottesville/VA,active
390,Charlottetown/PE,active
391,Charter Towers,active
392,Charters Towers,active
393,Chase/BC,active
394,Chatham Islands,active
395,Chattanooga/TN,active
396,Chefchaouen,active
397,Chengdu,active
398,Cherating,active
399,Chester/CA,active
400,Cheticamp/NS,active
401,Chetumal,active
402,Cheyenne/WY,active
403,Chiang Mai,active
404,Chiang Rai,active
405,Chicago,active
406,Chicago/IL,active
407,Chichen Itza,active
408,Chidenguele,active
409,Chilaw,active
410,Chile Chico,active
411,Chillagoe,active
412,Chillan,active
413,Chillwack/BC,active
414,Chimanimani,active
415,Chinchilla,active
416,Chinteche,active
417,Chintheche,active
418,Chintsa East,active
419,Chirripo Nationalpark,active
420,Chitwan,active
421,Chitwan NP,active
422,Chiwa,active
423,Chobe Nationalpark,active
424,Christchurch,active
425,Christmas Island,active
426,Chumphon,active
427,Chundja,active
428,Churchill Falls/NF,active
429,Cienfuegos,active
430,Cilaos,active
431,Citrusdal,active
432,Clanwilliam,active
433,Clare Valley,active
434,Clearfield/PA,active
435,Clearwater/BC,active
436,Clearwater/FL,active
437,Cleveland/OH,active
438,Clyde,active
439,Cobar,active
440,Cobble Hill / Duncan,active
441,Cobbold Gorge,active
442,Cobourg Peninsula,active
443,Coca,active
444,Cochabamba,active
445,Cochrane/ON,active
446,Cocklebiddy,active
447,Cocoa Beach/FL,active
448,Cocos Keeling,active
449,Cody/WY,active
450,Coeur d'Alene/ID,active
451,Coeur d`Alene/ID,active
452,Coffee Bay,active
453,Coffs Harbour,active
454,Coimbra,active
455,Colca,active
456,Colchagua Valley,active
457,Colchane,active
458,Collingwood,active
459,Colombo,active
460,Colonia del Sacramento,active
461,Colorado Springs/CO,active
462,Columbia/SC,active
463,Con Dao,active
464,Concon,active
465,Concordia,active
466,Coober Pedy,active
467,Cooktown,active
468,Coonawarra,active
469,Coorong Nationalpark,active
470,Coos Bay/OR,active
471,Copacabana,active
472,Copan,active
473,Coral Bay,active
474,Corinna,active
475,"Corner Brook, NL",active
476,Corner Brook/NF,active
477,Corning/NY,active
478,Coromandel Halbinsel,active
479,Corpus Christi/TX,active
480,Cortez/CO,active
481,Costa Adeje,active
482,Cotopaxi,active
483,Courtenay/BC,active
484,Courtnay/BC,active
485,Courtnay/Comox,active
486,Cousine Island,active
487,Coyhaique,active
488,Córdoba,active
489,Cradle Mountain,active
490,Cradle of Humankind,active
491,Cradock,active
492,Cranbrook/BC,active
493,Crater Lake/OR,active
494,Crescent City/CA,active
495,Creswick,active
496,Cripple Creek/CO,active
497,Cromwell,active
498,Croydon,active
499,Crystal Mountain/WA,active
500,Crystal River/FL,active
501,Cubadak,active
502,Cuenca,active
503,Cuiaba,active
504,Cullinan,active
505,Culver/OR,active
506,Culverden,active
507,Cumbuco,active
508,Curacao,active
509,Curacautin,active
510,Curitiba,active
511,Cusco,active
512,Custer/SD,active
513,CUZ,active
514,Daintree,active
515,Dalhousie/NB,active
516,Dallas/TX,active
517,Dalwallinu,active
518,Daly Waters,active
519,Danang,active
520,Daporijo,active
521,Dar es Salaam,active
522,Darchen,active
523,Dargaville,active
524,Darling,active
525,Darwin,active
526,Dawson City/YT,active
527,Daydream Island,active
528,Daylesford,active
529,Dayton/OR,active
530,Daytona Beach/FL,active
531,De Aar,active
532,De Hoop Nature Reserve,active
533,De Kelders,active
534,De Rust,active
535,Deadwood/SD,active
536,Dearborn/MI,active
537,Death Valley,active
538,Death Valley/CA,active
539,Debark,active
540,Debre Markos,active
541,Del Rio/TX,active
542,Delhi,active
543,Deloraine,active
544,Delray Beach/FL,active
545,Denali/AK,active
546,Denham,active
547,Denis Island,active
548,Denmark,active
549,Denpasar,active
550,Denver/CO,active
551,Depoe Bay/OR,active
552,Derby,active
553,Desroches Island,active
554,Detroit/MI,active
555,Devonport,active
556,Dickwella,active
557,Digby,active
558,Digby/NS,active
559,Dilijan,active
560,Divundu,active
561,Djerba,active
562,Doha,active
563,Dominical,active
564,Donnellys Crossing,active
565,Doornbosch,active
566,Dordabis,active
567,Dorrigo,active
568,Doubtless Bay,active
569,Douro-Tal,active
570,Drake Bay,active
571,Drakensberge,active
572,Drakensberge Nord,active
573,Drysdale River,active
574,Dschidda,active
575,Dubai,active
576,Dubbo,active
577,Dufur/OR,active
578,Dullstroom,active
579,Duluth/MN,active
580,Duncan/BC,active
581,Dundee,active
582,Dunedin,active
583,Dunk Island,active
584,Dunkeld,active
585,Dunsborough,active
586,Durango/CO,active
587,Durban,active
588,Duwisib,active
589,Dzalanyama Forest Reserve,active
590,Eagle Plains/YT,active
591,Eaglehawk Neck,active
592,East Glacier Park/MT,active
593,East London,active
594,Eau Claire/WI,active
595,Ebeltoft,active
596,Echuca,active
597,Eden,active
598,"Edmonton, AB",active
599,Edmonton/AB,active
600,Efate,active
601,Egmont/BC,active
602,Eixes,active
603,El Barreal,active
604,El Calafate,active
605,El Chalten,active
606,El Cuyo,active
607,El Nido,active
608,"El Palmar, San Carlos",active
609,El Paso/TX,active
610,El Questro,active
611,El Valle de Anton,active
612,Elandela Game Reserve,active
613,Eleuthera/BS,active
614,Ella,active
615,Elmira/NY,active
616,Emerald,active
617,Entabeni Game Reserve,active
618,Entre Deux,active
619,Entre Lagos,active
620,Ephraim/WI,active
621,Epupa,active
622,Erindi,active
623,Erldunda,active
624,Eshowe,active
625,Esperance,active
626,Espiritu Santo,active
627,Esquel,active
628,Essaouira,active
629,Essequibo River,active
630,Esteli,active
631,Estes Park/CO,active
632,Eswatini,active
633,Etosha NP Nord,active
634,Etosha NP Ost,active
635,Etosha NP West,active
636,Etosha NP Zentral,active
637,Eucla,active
638,Eugene/OR,active
639,EugeneOR/OR,active
640,Eungella Nationalpark,active
641,Eureka/CA,active
642,Everglades City/FL,active
643,Evora,active
644,Exmouth,active
645,Exuma/BS,active
646,Fairbanks/AK,active
647,Fakarava,active
648,Falmouth,active
649,Farahzad,active
650,Fargo/ND,active
651,Fayetteville/TN,active
652,Felicite Island,active
653,Femmoller,active
654,Fernando de Noronha,active
655,"Finger Lakes, NY",active
656,Finger Lakes/NY,active
657,Fish Hoek,active
658,Fish River Canyon,active
659,Fishkill/NY,active
660,Fitzgerald River National Park,active
661,Fitzroy Crossing,active
662,Fitzroy Island,active
663,Flagstaff/AZ,active
664,Flamingo/FL,active
665,Flinders Ranges,active
666,Florence/AL,active
667,Florence/OR,active
668,Flores,active
669,Florianopolis,active
670,Fludir,active
671,Fogo Island/NL,active
672,Forks / Olympic Nat Park,active
673,Forks Olympic National Park   Kalaloch/WA,active
674,Forks/WA,active
675,Forrest,active
676,Forsayth,active
677,Forster,active
678,Fort Bragg/CA,active
679,Fort Cochin,active
680,"Fort Collins, CO",active
681,Fort Dauphin,active
682,Fort Lauderdale/FL,active
683,Fort Lauderdale/FL FLL,active
684,Fort Myers/FL,active
685,Fort Nelson/BC,active
686,Fort Simpson/NWT,active
687,Fort Smith/NWT,active
688,Fort St. John/BC,active
689,Fort Walton Beach/FL,active
690,Fortaleza,active
691,Four Mile Creek,active
692,Fox Glacier,active
693,Foz do Iguazu,active
694,Francistown,active
695,Frankfurt,active
696,Franschhoek,active
697,Franz Josef Glacier,active
698,Fraser Island,active
699,Fraser Range Station,active
700,Fredericksburg/TX,active
701,Fredericton/NB,active
702,Freeport/BS,active
703,Fregate Island,active
704,Fremantle,active
705,Fremont/CA,active
706,Fresno/CA,active
707,Freycinet Nationalpark,active
708,Frutillar,active
709,Fujairah,active
710,Fukuoka,active
711,Furnas,active
712,Futaleufu,active
713,Gaborone,active
714,Gallup/NM,active
715,Galveston/TX,active
716,Gamsberg,active
717,Gananoque/1000 Islands,active
718,Gansbaai,active
719,Gardiner/MT,active
720,Garibaldi/OR,active
721,Gariep Dam,active
722,Gariep River,active
723,Gaspé/PQ,active
724,Gatlinburg/TN,active
725,Gaucin,active
726,Gaya Island,active
727,Gearhart/OR,active
728,Geelong,active
729,George,active
730,George Town,active
731,Georgetown QLD,active
732,Geraldine,active
733,Geraldton,active
734,Gettysburg/PA,active
735,Ghanzi,active
736,Gibsons/BC,active
737,Gili Gede,active
738,Gili Meno,active
739,Gili Trawangan,active
740,Gimoly (Karelien),active
741,Gipsy Point,active
742,Girdwood/AK,active
743,Girraween,active
744,Gisborne,active
745,Glacier Nationalpark/MT,active
746,Gladstone,active
747,Glamping,active
748,Glass House Mountains,active
749,Glen Helen,active
750,Glenorchy,active
751,GLI,active
752,Goa,active
753,Gobabis,active
754,Gochas,active
755,Gold Coast,active
756,Golden Bay,active
757,Golden Gate NP,active
758,Golden/BC,active
759,Gombe Nationalpark,active
760,Gonarezhou NP,active
761,Goolwa,active
762,Goose Bay/NF,active
763,Gordons Bay,active
764,Gorham/NH,active
765,Gori,active
766,Goroka,active
767,Gorontalo,active
768,Gosier,active
769,Goulburn,active
770,Government Camp/OR,active
771,Göteborg,active
772,Graaff-Reinet,active
773,Graaff Reinet,active
774,Grabouw,active
775,Grafton,active
776,Grahamstown,active
777,Granada,active
778,Granada (Andalusien),active
779,Grand Canyon,active
780,Grand Canyon West/AZ,active
781,Grand Canyon/AZ,active
782,Grand Etang,active
783,Grand Falls/NB,active
784,Grand Junction/CO,active
785,Grand Lake/CO,active
786,Grand Place Cayanne,active
787,Grand Prairie/AB,active
788,Grand Teton/WY,active
789,Grande Anse,active
790,Grande Terre,active
791,Grants Pass/OR,active
792,Graskop,active
793,Great Barrier Island,active
794,Great Falls/MT,active
795,Great Keppel Island,active
796,Great Smoky Mountains/NC,active
797,Greater Kruger,active
798,Green Bay/WI,active
799,Green Island,active
800,Greenville/SC,active
801,Greta Valley,active
802,Greymouth,active
803,Groote Eylandt,active
804,Grootfontein,active
805,Grumeti,active
806,Guadalajara,active
807,Guangzhou,active
808,Guapiles,active
809,Guardalavaca,active
810,Guayabal,active
811,Guayaquil,active
812,Guernsey/WY,active
813,Gulf Shores/AL,active
814,Gullfoss,active
815,Guma,active
816,Guma Lagoon,active
817,Gundagai,active
818,Gunnison/CO,active
819,Gunya Titjikala,active
820,Gyantse,active
821,Gyeongju,active
822,"Ha My Strand, Hoi An",active
823,Haapai,active
824,Haast,active
825,Hahndorf,active
826,Haida Gwaii,active
827,Haines Junction/YT,active
828,Haines/AK,active
829,Hakone,active
830,Halbinsel Nicoya,active
831,Half Moon Bay/CA,active
832,Haliday Bay,active
833,Halifax,active
834,Halifax / Stewiacke,active
835,Halifax/NS,active
836,Halls Creek,active
837,Halls Gap,active
838,Halong Bucht,active
839,Hambantota,active
840,Hamilton,active
841,Hamilton Island,active
842,Hamilton TAS,active
843,Hamilton/ON,active
844,Hamptons/NY,active
845,Hanmer Springs,active
846,Hanoi,active
847,Happy Adventure/NL,active
848,Harare,active
849,Hardap,active
850,Harrisburg/PA,active
851,Harrison Hot Springs/BC,active
852,Harrisonburg/VA,active
853,Hartford/CT,active
854,Havanna,active
855,Havelock,active
856,Havelock North,active
857,Hay,active
858,Hay River/NWT,active
859,Hayakawa,active
860,Hayman Island,active
861,Hazyview,active
862,Hearst/ON,active
863,Heidelberg,active
864,Heiliges Tal,active
865,"Helena, MT",active
866,Helena/MT,active
867,Hells Gate,active
868,Helmeringhausen,active
869,Henderson/NV,active
870,Heredia,active
871,Hermannsburg,active
872,Hermanus,active
873,Heron Island,active
874,Hervey Bay,active
875,Hicks Bay,active
876,Hidden Valley,active
877,High Level/AB,active
878,Hilo/HI,active
879,Hilton Head Island/SC,active
880,Hiroshima,active
881,Hisma Valley,active
882,Hiva Oa,active
883,Hluhluwe,active
884,Ho Tram,active
885,Hobart,active
886,Hoedspruit,active
887,Hoi An,active
888,Hokitika,active
889,Holbox,active
890,Holland/MI,active
891,Home Valley,active
892,Homer/AK,active
893,Homestead/FL,active
894,Hongkong,active
895,Honiara,active
896,Honolulu,active
897,"Honolulu, HI",active
898,Honolulu/HI,active
899,Hood River/OR,active
900,Hope/BC,active
901,Hopetoun,active
902,Hopkins Bay,active
903,Hormoz,active
904,Hornopiren,active
905,Horsham,active
906,Horta,active
907,Houston/TX,active
908,Hout Bay,active
909,Hua Hin,active
910,Huahine,active
911,Hualien,active
912,Hue,active
913,Hughenden,active
914,Huilo Huilo,active
915,Hunter Valley,active
916,"Huntington Beach, CA",active
917,Huntly,active
918,Huntsville/AL,active
919,Huntsville/ON,active
920,Huon Valley,active
921,Husavik,active
922,Hutchinson/,active
923,Hvolsvöllur,active
924,Hwange NP,active
925,Hyden,active
926,Idaho Falls/ID,active
927,Ifaty,active
928,Ifunda,active
929,Ile des Pins,active
930,Ilet des Orangers,active
931,Ilha Bela,active
932,Ilha Grande,active
933,Ilisu,active
934,Ilulissat,active
935,Ingham,active
936,Inhaca Island,active
937,Inhambane,active
938,Insel Baru,active
939,Insel Ometepe,active
940,Inuvik/YT,active
941,Invercargill,active
942,Inverness/NS,active
943,Ipoh,active
944,Iprari,active
945,Iquique,active
946,Iquitos,active
947,Iriomote,active
948,Isabela,active
949,Ishigaki,active
950,iSimangaliso WP,active
951,Isla Colon,active
952,Isla Grande,active
953,Isla Mucura,active
954,Isla Solarte,active
955,Islamorada/FL,active
956,Issyk-Kul-See,active
957,Istanbul,active
958,Itacimirim,active
959,Ithaca/NY,active
960,Ithala Game Reserve,active
961,Iya Valley,active
962,Jackson/NH,active
963,Jackson/WY,active
964,"Jacksonville, FL",active
965,Jacksonville/FL,active
966,Jacksonville/OR,active
967,Jaco,active
968,Jaffna,active
969,Jaipur,active
970,Jaisalmer,active
971,Jakarta,active
972,Jakutsk,active
973,"Jakutsk, Sacha",active
974,Jasper,active
975,Jasper/AB,active
976,Jeffreys Bay,active
977,Jeju,active
978,Jeju Island,active
979,Jerewan,active
980,Jerez de la Frontera,active
981,Jericoacoara,active
982,Jermuk,active
983,Jervis Bay,active
984,Jianchuan County,active
985,Jianshui,active
986,Jimbaran,active
987,Jindabyne,active
988,Jodhpur,active
989,Johanna,active
990,Johannesburg,active
991,Jojawar,active
992,Joplin/MO,active
993,Joseph/OR,active
994,June Lake/CA,active
995,Juneau/AK,active
996,Junin,active
997,Jurien,active
998,Jurte,active
999,Jurtenlager,active
1000,Kabale,active
1001,Kadavu Island,active
1002,Kafue,active
1003,Kafue NP,active
1004,Kagoshima,active
1005,Kahului,active
1006,Kaikoura,active
1007,Kaitaia,active
1008,Kakadu Nationalpark,active
1009,Kalahari,active
1010,Kalbarri,active
1011,Kalgoorlie,active
1012,Kalispell/MT,active
1013,Kalk Bay,active
1014,Kalkrand,active
1015,Kalkutta,active
1016,Kamanjab,active
1017,Kamloops/BC,active
1018,Kampong Som,active
1019,Kampot,active
1020,Kana Kara,active
1021,Kanab,active
1022,Kanab/UT,active
1023,Kanazawa,active
1024,Kanchanaburi,active
1025,Kandovan,active
1026,Kandy,active
1027,Kangaroo Island,active
1028,Kangaroo Valley,active
1029,Kansas City / Overland Park/KS,active
1030,Kaokoveld,active
1031,Kapama Game Reserve,active
1032,Kapiti Coast,active
1033,Kapstadt,active
1034,Karamea,active
1035,Kariega Game Reserve,active
1036,Karijini Nationalpark,active
1037,Karongwe Private Game Reserve,active
1038,Karoo Nationalpark,active
1039,Karratha,active
1040,Karumba,active
1041,Kasane,active
1042,Kasbegi,active
1043,Kaslo/BC,active
1044,Kassangor,active
1045,Katanning,active
1046,Katavi Nationalpark,active
1047,Katherine,active
1048,Kathmandu,active
1049,Katima Mulilo,active
1050,Katsuura,active
1051,Kauai,active
1052,"Kauai, Princeville",active
1053,Kauai/HI,active
1054,Kawau Island,active
1055,Kawayuonsen,active
1056,Kaz Insolite,active
1057,Keetmanshoop,active
1058,Keflavik,active
1059,Kejimkujik Nationalpark/NS,active
1060,Kelowna/BC,active
1061,Kenai/AK,active
1062,Kenepuru Sound,active
1063,"Kennebunkport, ME",active
1064,Kennebunkport/ME,active
1065,Kennewick/WA,active
1066,Kenosha/WI,active
1067,Kenton-on-Sea,active
1068,Kep,active
1069,Kerala,active
1070,Kerikeri,active
1071,Kerman,active
1072,Ketchum/ID,active
1073,Key Largo/FL,active
1074,Key West/FL,active
1075,Kgalagadi Transfrontier Park,active
1076,Khao Lak,active
1077,Khao Sok,active
1078,Khao Yai,active
1079,Khasab,active
1080,Khorixas,active
1081,Khovd,active
1082,Khwai,active
1083,Kiama,active
1084,Kiepersol,active
1085,Kigali,active
1086,Kihei,active
1087,Kilimanjaro,active
1088,Killington/VT,active
1089,Kilwa,active
1090,Kimberley,active
1091,Kimberley/BC,active
1092,Kinabatangan,active
1093,Kinarut,active
1094,Kinglake,active
1095,Kingman/AZ,active
1096,Kings Canyon,active
1097,Kingscliff,active
1098,Kingston,active
1099,Kingston/ON,active
1100,Kingston/ONT,active
1101,Kiso,active
1102,Kitulgala,active
1103,Klamath Falls/OR,active
1104,Klamath/CA,active
1105,Klaserie Private Nature Reserve,active
1106,Kleena Kleene,active
1107,Kleena Kleene/BC,active
1108,Knoxville/TN,active
1109,Knysna,active
1110,Ko Kho Khao,active
1111,Kobe,active
1112,Koblenz,active
1113,Kochi,active
1114,Koh Chang,active
1115,Koh Jum,active
1116,Koh Kood,active
1117,Koh Lanta,active
1118,Koh Mook,active
1119,Koh Munnork,active
1120,Koh Ngai,active
1121,Koh Phangan,active
1122,Koh Phi Phi,active
1123,Koh Rong,active
1124,Koh Rong Sanloem,active
1125,Koh Samet,active
1126,Koh Samui,active
1127,Koh Tao,active
1128,Koh Yao,active
1129,Koh Yao Noi,active
1130,Koh Yao Yai,active
1131,Kohama,active
1132,Kokonga,active
1133,Kololo Game Reserve,active
1134,Kommetje,active
1135,Kona,active
1136,"Kona, HI",active
1137,Kona/HI,active
1138,Kongola,active
1139,Kopenhagen,active
1140,Kormilo (Karelien),active
1141,Koror,active
1142,Kosi Bay,active
1143,Kota Kinabalu,active
1144,"Kouchibouguac, NB",active
1145,Kovalam,active
1146,"Kovalam, Kerala, India",active
1147,Koyasan,active
1148,Krabi,active
1149,Kroombit Park,active
1150,Krüger Park,active
1151,Kuala Dungun,active
1152,Kuala Lumpur,active
1153,Kuantan,active
1154,Kuching,active
1155,Kundasang,active
1156,Kunming,active
1157,Kununurra,active
1158,Kuranda,active
1159,Kurow,active
1160,Kuruman,active
1161,Kushiro,active
1162,Kuta,active
1163,Kuta Lombok,active
1164,Kutaissi,active
1165,Kwandwe Game Reserve,active
1166,Kyoto,active
1167,L'Anse au Clair/NL,active
1168,La Conner/WA,active
1169,La Digue,active
1170,La Entrada,active
1171,La Fortuna,active
1172,La Grande/OR,active
1173,La Herradura,active
1174,La Junta,active
1175,La Palma,active
1176,La Paz,active
1177,La Plaine des Cafres,active
1178,La Plaine des Palmistes,active
1179,La Possession,active
1180,La Rochelle,active
1181,La Saline-les-Bains,active
1182,La Serena,active
1183,Labrador City/NF,active
1184,Labuan Bajo,active
1185,Lac Saint Jean/PQ,active
1186,Lady Elliot Island,active
1187,Ladysmith,active
1188,Ladysmith/BC,active
1189,Lafayette/LA,active
1190,Lago Posadas,active
1191,Lago Ranco,active
1192,Lahad Datu,active
1193,Lajes das Flores,active
1194,Lake Argyle,active
1195,Lake Charles/LA,active
1196,Lake Crackenback,active
1197,Lake Elementaita,active
1198,Lake George/NY,active
1199,Lake Havasu City/AZ,active
1200,Lake Havasu/AZ,active
1201,Lake Kariba,active
1202,Lake Louise/AB,active
1203,Lake Manyara Nationalpark,active
1204,Lake Moeraki,active
1205,Lake Naivasha,active
1206,Lake Naivasha Nationalpark,active
1207,Lake Nakuru,active
1208,Lake Nakuru Nationalpark,active
1209,Lake Placid/NY,active
1210,Lake St. Clair,active
1211,Lake Tahoe/CA,active
1212,Lake Tekapo,active
1213,Lakeport/CA,active
1214,Lakes Entrance,active
1215,Lakeview/OR,active
1216,Lalibela Game Reserve,active
1217,Lamanai,active
1218,Lamberts Bay,active
1219,Lamington Nationalpark,active
1220,Lampang,active
1221,Lamu Island,active
1222,Lancaster/PA,active
1223,Lang Tengah,active
1224,Langanes,active
1225,Langebaan,active
1226,Langkawi,active
1227,Lansdowne/ON,active
1228,Lansing/MI,active
1229,Lanzhou,active
1230,Lar,active
1231,Laramie/WY,active
1232,Las Cruces/NM,active
1233,Las Vegas,active
1234,"Las Vegas, NV",active
1235,Las Vegas/NV,active
1236,Lassen Volcanic National Park/CA,active
1237,Laughlin/NV,active
1238,Launceston,active
1239,Laverton,active
1240,Lawn Hill Nationalpark,active
1241,Lawrence,active
1242,Lawrence/KS,active
1243,Le Diamant,active
1244,Le Francois,active
1245,Le Marigot,active
1246,Le Tampon,active
1247,Leavenworth/WA,active
1248,Lee Vining/CA,active
1249,Legian,active
1250,Lencois,active
1251,Lentekhi,active
1252,Leon,active
1253,Leonora,active
1254,Les Trois Illets,active
1255,Lesotho,active
1256,Lethbridge/AB,active
1257,Lewa Private Reserve,active
1258,Lewa Wildlife Conservancy,active
1259,Lewiston/ID,active
1260,Lhasa,active
1261,Liawenee,active
1262,Lifou,active
1263,Lightning Ridge,active
1264,Lihue,active
1265,Lijiang,active
1266,Likoma Island,active
1267,Likuri Island,active
1268,Lillooet/BC,active
1269,Lillooet/Loon Lake,active
1270,Lilongwe,active
1271,Lilooet/BC,active
1272,Lima,active
1273,Lincoln City/OR,active
1274,Lincoln/NH,active
1275,Linyanti,active
1276,Liscomb/NS,active
1277,Lishan,active
1278,Lissabon,active
1279,Litchfield Nationalpark,active
1280,Liuwa Plains,active
1281,Live Oak/FL,active
1282,Livingstone,active
1283,Livingstone/MT,active
1284,Liwonde Nationalpark,active
1285,Lizard Island,active
1286,Llamachimpana (Rainbow-Mountain),active
1287,Lombok,active
1288,London/ON,active
1289,Lone Pine/CA,active
1290,Long Beach Island/NJ,active
1291,Long Island,active
1292,Long Island/BS,active
1293,Long Point/NS,active
1294,Longcangou Forest,active
1295,Longreach,active
1296,Longyearbyen,active
1297,Loongana,active
1298,Lopez Island   Lopez/WA,active
1299,Lord Howe Island,active
1300,Loreto del Pedregal,active
1301,Lorne,active
1302,Los Angeles,active
1303,"Los Angeles, CA",active
1304,Los Angeles/CA,active
1305,Los Cabos,active
1306,Los Chiles,active
1307,Los Naranjos,active
1308,Louis Trichardt,active
1309,Louisbourg/NS,active
1310,Louisville/KY,active
1311,Lovina,active
1312,Lower Zambezi,active
1313,Lower Zambezi NP,active
1314,Luang Prabang,active
1315,Lubbock/TX,active
1316,Lumbini,active
1317,Lund/BC,active
1318,Lunenburg/NS,active
1319,Luray/VA,active
1320,Lusaka,active
1321,Lushoto,active
1322,Lüderitz,active
1323,Lydenburg,active
1324,Mabalingwe Nature Reserve,active
1325,Mabula Game Reserve,active
1326,Macau,active
1327,Mackay,active
1328,Mackinac Island/MI,active
1329,Mackinaw City/WI,active
1330,Macon/GA,active
1331,Madagaskar,active
1332,Madeira Beach/FL,active
1333,Madikwe Game Reserve,active
1334,Madison/GA,active
1335,Mae Chaem,active
1336,Mae Hong Son,active
1337,Maerua Park,active
1338,Mafia Island,active
1339,Magaliesburg,active
1340,Magnetic Island,active
1341,Magome,active
1342,Mahabalipuram,active
1343,Mahale Nationalpark,active
1344,Mahan,active
1345,Mahe,active
1346,Mahiyanganaya,active
1347,Mahwah/NJ,active
1348,Maipo Tal,active
1349,Maipo Valley,active
1350,Majete Wildlife Reserve,active
1351,Makalali Game Reserve,active
1352,Makarora,active
1353,Makgadikgadi Pans,active
1354,Makhado,active
1355,Makhasa Game Reserve,active
1356,Malaga,active
1357,Malakka,active
1358,Malawi See,active
1359,Malawi/Niassa See,active
1360,Male,active
1361,Malekula,active
1362,Malelane,active
1363,Maleny,active
1364,Malibu/CA,active
1365,Malindi,active
1366,Mallacoota,active
1367,Mallorca,active
1368,Maltahöhe,active
1369,Mamaila,active
1370,Mamanuca Inseln,active
1371,Mammoth Lakes/CA,active
1372,Mana Pools,active
1373,Managua,active
1374,Manapouri,active
1375,Manaus,active
1376,Manchester/VT,active
1377,Mancora,active
1378,Mandalay,active
1379,Mandawa,active
1380,Mandurah,active
1381,Mangaia,active
1382,Mangareva,active
1383,Mangawhai,active
1384,Manggis,active
1385,Manihi,active
1386,Manitoulin Island/ONT,active
1387,Manning Park/BC,active
1388,Mannum,active
1389,Manu Nationalpark,active
1390,Manyeleti Game Reserve,active
1391,Mapua,active
1392,Mapungubwe National Park,active
1393,Maputo,active
1394,Mar del Plata,active
1395,Marakele NP,active
1396,"Marathon, FL",active
1397,Marau,active
1398,Marbella,active
1399,Marco Island/FL,active
1400,Mare,active
1401,Mareeba,active
1402,Margaret River,active
1403,Margate,active
1404,Mariental,active
1405,Marion Bay,active
1406,Marla,active
1407,Marlborough,active
1408,Marloth Park,active
1409,Marquette/MI,active
1410,Marrakesch,active
1411,Marree,active
1412,Martha's Vineyard/MA,active
1413,Martinborough,active
1414,Marv Dasht,active
1415,Marvao,active
1416,Mary River,active
1417,Marystown/NL,active
1418,Marysville,active
1419,Maryvale,active
1420,Masai Mara,active
1421,Mashhad,active
1422,Mashpi,active
1423,Maskat,active
1424,Masoala,active
1425,Masterton,active
1426,Masvingo,active
1427,Mataiva,active
1428,Matakana,active
1429,Matakohe,active
1430,Matamata,active
1431,Matane/PQ,active
1432,Matane/QC,active
1433,Matangi,active
1434,Matanuska Area/AK,active
1435,Matanuska/AK,active
1436,Mataranka,active
1437,Matauri Bay,active
1438,Matemo Island,active
1439,Matobo Hills,active
1440,Matsumoto,active
1441,Matsuyama,active
1442,Matusadona Nationalpark,active
1443,Maui,active
1444,"Maui, HI",active
1445,Maui/HI,active
1446,Mauke,active
1447,Maun,active
1448,Maupiti,active
1449,Mauritius,active
1450,Maydena,active
1451,Mayotte,active
1452,Mbabane,active
1453,Mbotyi River,active
1454,McCall/ID,active
1455,McCarthy/AK,active
1456,McLaren Vale,active
1457,McMinnville/OR,active
1458,MCO,active
1459,Medana,active
1460,Medellin,active
1461,Medford/OR,active
1462,Medjumbe Private Island,active
1463,Medora/ND,active
1464,Meekatharra,active
1465,Melaka,active
1466,Melbourne,active
1467,Melbourne/FL,active
1468,Melipeuco,active
1469,Melozhori GR,active
1470,Melrose,active
1471,Memphis,active
1472,Memphis/TN,active
1473,Mendocino/CA,active
1474,Mendoza,active
1475,Menjangan,active
1476,Merang,active
1477,Merida,active
1478,Merimbula,active
1479,Merluna Station,active
1480,Merredin,active
1481,Merritt/BC,active
1482,Meru Nationalpark,active
1483,Mesa Verde Nationalpark/CO,active
1484,Mestia,active
1485,Metangula,active
1486,Methven,active
1487,Metung,active
1488,Mexican Hat/UT,active
1489,Mexiko-City,active
1490,Mexiko-Stadt,active
1491,Miami,active
1492,Miami Beach,active
1493,"Miami, FL",active
1494,Miami/FL,active
1495,Middelburg,active
1496,Midland/ON,active
1497,Mikumi NP,active
1498,Mildura,active
1499,Milford,active
1500,Mill Valley/CA,active
1501,"Milne Bay, Alotau",active
1502,Milwaukee/WI,active
1503,Mindo,active
1504,Mineral/WA,active
1505,Minneapolis/MN,active
1506,Minoodasht,active
1507,Mirabel/QC,active
1508,Miramichi,active
1509,Mission Beach,active
1510,Mitad del Mundo,active
1511,Mitchell Falls,active
1512,Mitsio Archipel,active
1513,Miyajima,active
1514,Mjejane Game Reserve,active
1515,Mkuze,active
1516,Moab/UT,active
1517,Moama,active
1518,Mobile/AL,active
1519,Moclips/WA,active
1520,Mokala NP,active
1521,"Molokai, HI",active
1522,Molokai/HI,active
1523,Mombasa,active
1524,Mon,active
1525,Moncton/NB,active
1526,Mondulkiri,active
1527,Monjo,active
1528,Monkey Mia,active
1529,Monowai - nicht verwenden,active
1530,Mont Tremblant/PQ,active
1531,Mont Tremblant/QC,active
1532,Montagu,active
1533,Montego Bay,active
1534,Monterey/CA,active
1535,"Monterey/Carmel, CA",active
1536,Monterrey,active
1537,Monteverde,active
1538,Montevideo,active
1539,Montgomery/AL,active
1540,Montreal,active
1541,Montreal/PQ,active
1542,Montreal/QC,active
1543,"Montrose, CO",active
1544,Montrose/CO,active
1545,Montville,active
1546,Monument Valley,active
1547,Monument Valley/AZ,active
1548,Moorea,active
1549,Moremi Game Reserve,active
1550,Moreton Island,active
1551,Mornington Camp,active
1552,Mornington Peninsula,active
1553,Morondava,active
1554,Moroni,active
1555,Morro Bay/CA,active
1556,Morro de Sao Paulo,active
1557,Moruya,active
1558,Moshi,active
1559,Mossel Bay,active
1560,Mossman,active
1561,Motueka,active
1562,Mount Carmel/NF,active
1563,Mount Ceder,active
1564,Mount Cook,active
1565,Mount Elizabeth,active
1566,Mount Field Nationalpark,active
1567,Mount Gambier,active
1568,Mount Hart,active
1569,Mount Helena,active
1570,Mount Isa,active
1571,Mount Kenya Nationalpark,active
1572,Mount Lavinia,active
1573,Mount Maunganui,active
1574,Mount Mulligan,active
1575,Mount Rainier/WA,active
1576,Mount Surprise,active
1577,Mount William Nationalpark,active
1578,Mountain Zebra NP,active
1579,Moura,active
1580,Mt Currie/Pemberton,active
1581,Mt St Helens / Castle Rock,active
1582,Mt St Helens / Cougar,active
1583,Mt St Helens / Woodland,active
1584,Mt. Augustus,active
1585,Mt. Magnet,active
1586,Mthatha,active
1587,Mudgee,active
1588,Mudumu NP,active
1589,Mui Ne,active
1590,Muizenberg,active
1591,Mulakhi,active
1592,Muldersdrift,active
1593,Mumbai,active
1594,Munduk,active
1595,Mungo NP,active
1596,Munising/MI,active
1597,Munnar,active
1598,Murchison,active
1599,Murchison Roadhouse,active
1600,Murray Bridge,active
1601,Murray Harbour/PE,active
1602,Murupara,active
1603,Murwillumbah,active
1604,Musgrave,active
1605,Musina,active
1606,"Muskegon, MI",active
1607,Mussanah,active
1608,Muthuvaankudi,active
1609,München,active
1610,Myrtle Beach/SC,active
1611,Mystic/CT,active
1612,Nachitschewan,active
1613,Nagano,active
1614,Naha,active
1615,Nairobi,active
1616,Nakuru,active
1617,Nakusp/BC,active
1618,Nambiti Game Reserve,active
1619,Nambucca Heads,active
1620,Namche Bazar,active
1621,Namib Rand Nature Reserve,active
1622,Namibe,active
1623,Nampula,active
1624,Nanaimo/BC,active
1625,Nanga,active
1626,Nankoma Island,active
1627,Nanoose Bay/BC,active
1628,Napa - Sonoma/CA,active
1629,Napa/CA,active
1630,Napier,active
1631,Naples/FL,active
1632,Nappanee/IN,active
1633,Naracoorte,active
1634,Naranjito,active
1635,Narooma,active
1636,Naruto,active
1637,Nasca,active
1638,Nashville/TN,active
1639,Nassau/BS,active
1640,Nata,active
1641,Natchez/MS,active
1642,Natures Valley,active
1643,Nazca,active
1644,Ndumo Game Reserve,active
1645,Needles/CA,active
1646,Negombo,active
1647,Nelson,active
1648,Nelson/BC,active
1649,Nelspruit,active
1650,Nerja,active
1651,New Britain,active
1652,New Denmark,active
1653,"New Haven, CT",active
1654,New Haven/CT,active
1655,New Ireland,active
1656,New Norfolk,active
1657,New Orleans/LA,active
1658,New Plymouth,active
1659,New Smyrna Beach/FL,active
1660,New York,active
1661,"New York, NY",active
1662,New York/NY,active
1663,Newcastle,active
1664,Newman,active
1665,Newport,active
1666,Newport Beach/CA,active
1667,"Newport, RI",active
1668,Newport/OR,active
1669,Newport/RI,active
1670,Ngapali Beach,active
1671,Ngorongoro,active
1672,Ngorongoro Krater,active
1673,Ngwe Saung Beach,active
1674,Nha Trang,active
1675,Niagara-on-the-Lake/ON,active
1676,Niagara Falls/NY,active
1677,Niagara Falls/ON,active
1678,Niagara Falls/ONT,active
1679,Niagara on the Lake/ON,active
1680,Niagara/ON,active
1681,Niassa Wildreservat,active
1682,Niga,active
1683,Nilma North,active
1684,Ninh Binh,active
1685,Nipigon/ON,active
1686,Niue,active
1687,Nkambeni Private Concession,active
1688,Nkasa Rupara NP,active
1689,Nkhotakota,active
1690,Nkomazi Game Reserve,active
1691,Nong Khiaw,active
1692,Noordoewer,active
1693,Noosa,active
1694,Nordpantanal,active
1695,Norfolk Island,active
1696,Normanton,active
1697,Normanville,active
1698,Norseman,active
1699,North Conway/NH,active
1700,North Malé,active
1701,North Tamborine,active
1702,Northam,active
1703,Nosy Be,active
1704,Noumea,active
1705,Nowra,active
1706,Ntwala Island,active
1707,Nuku Hiva,active
1708,Nullarbor,active
1709,Nusa Dua,active
1710,Nusa Lembongan,active
1711,Nuuk,active
1712,Nuwara Eliya,active
1713,Nxai Pan,active
1714,Nyanga,active
1715,Nyerere Nationalpark,active
1716,Nyidalur,active
1717,Nýp,active
1718,Oahu,active
1719,"Oahu, Laie",active
1720,Oak Harbor/WA,active
1721,Oakhurst,active
1722,Oamaru,active
1723,Obidos,active
1724,Occidental/CA,active
1725,Ocean City/MD,active
1726,Ocean Shores/WA,active
1727,Ohakune,active
1728,Ohrigstad,active
1729,Ojochal,active
1730,"Oka Lake, Montreal/Mo",active
1731,Okahandja,active
1732,Okambara,active
1733,Okarito,active
1734,Okavango Delta,active
1735,Okeechobee/FL,active
1736,Okinawa,active
1737,Oklahoma City,active
1738,Oklahoma City/OK,active
1739,Okonjima,active
1740,Okoroire,active
1741,Ol Pejeta,active
1742,Old Saybrook/CT,active
1743,Olduvai,active
1744,Olinda,active
1745,Oliver / Osoyoos,active
1746,Olpopongi,active
1747,Olympia/WA,active
1748,Olympic Nationalpark/WA,active
1749,Omapere,active
1750,Omarama,active
1751,Omaruru,active
1752,Ometepe,active
1753,Oodnadatta,active
1754,Oongkalkada Camp,active
1755,Opononi,active
1756,Opua,active
1757,Opuwo,active
1758,Orcas Island   Eastsound/WA,active
1759,Oregon City/OR,active
1760,Orewa,active
1761,Orlando,active
1762,"Orlando, FL",active
1763,Orlando/FL,active
1764,Orosi,active
1765,Orpheus Island,active
1766,Osaka,active
1767,Oserian Wildreservat,active
1768,Oshakati,active
1769,Oshigambo,active
1770,Oslo,active
1771,Osoyoos/BC,active
1772,Osterinsel,active
1773,"Ostkap, SA",active
1774,Osttimor,active
1775,Otavi,active
1776,Otjiwarongo,active
1777,Otorohanga,active
1778,Ottawa/ON,active
1779,Ottawa/ONT,active
1780,Oudtshoorn,active
1781,"Outer Banks, NC",active
1782,Outer Banks/NC,active
1783,Outjo,active
1784,Ouvea,active
1785,Owhango,active
1786,Oyster Bay,active
1787,Oyster Island,active
1788,Pa Harakeke,active
1789,Paarl,active
1790,Pacific City/OR,active
1791,Packwood/WA,active
1792,Pacuare River,active
1793,Padang,active
1794,Page/AZ,active
1795,Pago Pago,active
1796,Pagosa Springs/CO,active
1797,Pai,active
1798,Paihia,active
1799,Pakse,active
1800,Palapye,active
1801,Palenque,active
1802,Palm Bay/FL,active
1803,Palm Beach/FL,active
1804,Palm Springs,active
1805,"Palm Springs, CA",active
1806,Palm Springs/CA,active
1807,Palmerston North,active
1808,Palmwag,active
1809,Palo Alto/CA,active
1810,Palomino,active
1811,Panama-City,active
1812,Panama City Beach/FL,active
1813,Pangkor,active
1814,Pangkor Island,active
1815,Pangoche,active
1816,Papagayo,active
1817,Paracas,active
1818,Parajuru,active
1819,Paraparaumu,active
1820,Paraty,active
1821,Paris,active
1822,Parksville/BC,active
1823,Paro,active
1824,Parque Nat. do Limpopo,active
1825,Parrsboro,active
1826,Parry Sound/ON,active
1827,Paryang,active
1828,Pasikuda,active
1829,Pasor,active
1830,Passikudah,active
1831,Paternoster,active
1832,Paterson,active
1833,Patreksfjördur,active
1834,Pattaya,active
1835,Paxson/AK,active
1836,Paynesville,active
1837,Peace River/AB,active
1838,Peking,active
1839,Pekutatan,active
1840,Pemba,active
1841,Pemba Island,active
1842,Pemberton,active
1843,Pemberton/BC,active
1844,Pemuteran,active
1845,Penang,active
1846,Peneda-Geres NP,active
1847,Pensacola/FL,active
1848,Penticton/BC,active
1849,Perce/PQ,active
1850,Percé/PQ,active
1851,Perhentian Island,active
1852,Periyar,active
1853,Perth-Andover,active
1854,Perth,active
1855,Petrohue,active
1856,Petrosawodsk (Karelien),active
1857,Peulla,active
1858,Phalaborwa,active
1859,Phan Thiet,active
1860,"Philadelphia, PA",active
1861,Philadelphia/PA,active
1862,Phillip Island,active
1863,Phinda,active
1864,Phnom Penh,active
1865,Phobjikha Tal,active
1866,Phoenix,active
1867,Phoenix/AZ,active
1868,Phu Quoc,active
1869,Phuket,active
1870,Pica,active
1871,Pico,active
1872,Picton,active
1873,Pictou/NS,active
1874,Piet Retief,active
1875,Pietermaritzburg,active
1876,Pigeon Forge/TN,active
1877,Piha,active
1878,Pilanesberg,active
1879,Pilgrims Rest,active
1880,Pine Creek,active
1881,Pingbian,active
1882,Pinnawela,active
1883,Pipiriki,active
1884,Pirongia,active
1885,Pisac,active
1886,Pisco Elqui,active
1887,Pismo Beach/CA,active
1888,Pittsburgh/PA,active
1889,Playa del Carmen,active
1890,Playa Hermosa,active
1891,Playa Nosara,active
1892,Playa Sámara,active
1893,Playas,active
1894,Plettenberg Bay,active
1895,Pocatello/ID,active
1896,Pocono Mountains/PA,active
1897,Pohara,active
1898,Point Lookout,active
1899,Pokhara,active
1900,Polokwane,active
1901,Polonnaruwa,active
1902,Ponca City,active
1903,Pongara-Nationalpark,active
1904,Pongola,active
1905,Ponta Delgada,active
1906,Ponta Mamoli,active
1907,Port Alberni/BC,active
1908,Port Albert,active
1909,Port Alfred,active
1910,Port Angeles/WA,active
1911,Port Arthur,active
1912,Port Augusta,active
1913,Port aux Basques/NF,active
1914,Port Blandford/NF,active
1915,Port Boise,active
1916,Port Campbell,active
1917,Port Douglas,active
1918,Port Edward,active
1919,Port Elizabeth,active
1920,Port Elliot,active
1921,Port Fairy,active
1922,Port Hardy/BC,active
1923,Port Hedland,active
1924,Port Hope Simpson/NF,active
1925,Port Lincoln,active
1926,Port Macquarie,active
1927,Port McNeil/BC,active
1928,Port McNeill/BC,active
1929,Port Moresby,active
1930,Port of Spain,active
1931,Port Pirie,active
1932,Port Sorell,active
1933,Port St. Johns,active
1934,Port Stephens,active
1935,Port Townsend/WA,active
1936,Porterville,active
1937,Portland,active
1938,Portland/ME,active
1939,Portland/OR,active
1940,Porto,active
1941,Porto Alegre,active
1942,Porto de Galinhas,active
1943,Portsmouth/NH,active
1944,Potrero,active
1945,Poughkeepsie/NY,active
1946,Powell River/BC,active
1947,Poymazor,active
1948,Praia do Forte,active
1949,Praia do Tofo,active
1950,Praslin,active
1951,Praya,active
1952,Pretoria,active
1953,Pretty Beach,active
1954,Price/UT,active
1955,Prieska,active
1956,Prince Albert,active
1957,Prince George/BC,active
1958,Prince Rupert/BC,active
1959,Pringle Bay,active
1960,Prospect/OR,active
1961,Provincetown/MA,active
1962,Provinz Puntarenas,active
1963,Provo/UT,active
1964,Pucon,active
1965,Puerto Ayora,active
1966,Puerto Guadal,active
1967,Puerto Ibanez,active
1968,Puerto Iguazu,active
1969,Puerto Jimenez,active
1970,Puerto Lindo,active
1971,Puerto Madryn,active
1972,Puerto Maldonado,active
1973,Puerto Montt,active
1974,Puerto Morelos,active
1975,Puerto Natales,active
1976,Puerto Ordaz,active
1977,Puerto Tranquilo,active
1978,Puerto Vallarta,active
1979,Puerto Varas,active
1980,Puerto Viejo,active
1981,Puerto Villamil,active
1982,Puketi Forest,active
1983,Punakaiki,active
1984,Punakha,active
1985,Puno,active
1986,Punta Arenas,active
1987,Punta Cana,active
1988,Punta del Este,active
1989,Purmamarca,active
1990,Purros,active
1991,Putre,active
1992,Puyallup/WA,active
1993,Puyehue,active
1994,Puyuhuapi,active
1995,Qamea Island,active
1996,Qeshm,active
1997,Quadra Island/BC,active
1998,Qualicum Beach/BC,active
1999,Quathiaski Cove/BC,active
2000,Quebec,active
2001,Quebec City/QC,active
2002,Quebec/PQ,active
2003,Queen Charlotte Sound,active
2004,Queenscliff,active
2005,Queenstown,active
2006,Quepos,active
2007,Queretaro,active
2008,Québec/PQ,active
2009,Québec/QC,active
2010,Quilotoa,active
2011,Quinault/WA,active
2012,Quito,active
2013,Quy Nhon,active
2014,Radebeul,active
2015,Radium Hot Springs/BC,active
2016,Raglan,active
2017,Raiatea,active
2018,Rainbow Beach,active
2019,Raja Ampat,active
2020,Rakaia Gorge,active
2021,Rakiraki,active
2022,"Raleigh, NC",active
2023,Raleigh/NC,active
2024,Ramsgate,active
2025,Ranau,active
2026,Rangiroa,active
2027,Ranohira,active
2028,Rapid City/SD,active
2029,Rarotonga,active
2030,Ras Al Khaimah,active
2031,Ravensthorpe,active
2032,Raymond Island,active
2033,Recife,active
2034,Red Bay/NL,active
2035,Redang Island,active
2036,Redding/CA,active
2037,Region Chabarowsk,active
2038,Reno/NV,active
2039,Revelstoke/BC,active
2040,Reykholt,active
2041,Reykjavik,active
2042,Rhodos,active
2043,Ribeira Grande,active
2044,Richards Bay,active
2045,Richmond,active
2046,Richmond/VA,active
2047,Richtersveld NP,active
2048,Ridgecrest/CA,active
2049,Riga,active
2050,Rincon de la Vieja,active
2051,Rincon del Mar,active
2052,Rio de Janeiro,active
2053,Rio Hato,active
2054,Rio San Juan,active
2055,Riobamba,active
2056,Riverhead/NY,active
2057,Riviera Pacifica,active
2058,Rivière-du-Loup/PQ,active
2059,Río Cuarto,active
2060,Roanoke/VA,active
2061,Robe,active
2062,Robertson,active
2063,Roberval/QC,active
2064,Roche Plate,active
2065,Rock Springs/WY,active
2066,Rockhampton,active
2067,Rockingham,active
2068,Rockland/ME,active
2069,Rocky Harbour/NF,active
2070,Rocky Mount/VA,active
2071,Rodrigues,active
2072,Rom,active
2073,Ronda,active
2074,Ronde,active
2075,Roper Bar,active
2076,Rosario Tal,active
2077,Roseburg/OR,active
2078,Ross,active
2079,Ross River,active
2080,Rotorua,active
2081,Rottnest Island,active
2082,Roxby Downs,active
2083,Ruaha Nationalpark,active
2084,Rundu,active
2085,Rurrenabaque,active
2086,Rurutu,active
2087,Rushan,active
2088,Russell,active
2089,Rutherglen,active
2090,Saadani Nationalpark,active
2091,Sabah,active
2092,Sabi Sand Game Reserve,active
2093,Sabie,active
2094,"Sacramento, CA",active
2095,Sacramento/CA,active
2096,Saga,active
2097,Sagres,active
2098,Saigon,active
2099,Saint-Paul,active
2100,Saint-Pierre,active
2101,Saint Alexis des Monts/PQ,active
2102,Saint Alexis des Monts/QC,active
2103,Saint Arnaud,active
2104,Saint Augustine/FL,active
2105,Saint John/NB,active
2106,Saint John/NF,active
2107,Saint Leu,active
2108,Sainte-Rose,active
2109,Sainte Marie,active
2110,Salalah,active
2111,Salazie,active
2112,Salem/MA,active
2113,Salem/OR,active
2114,Salida/CO,active
2115,Salina,active
2116,Salmon Arm/BC,active
2117,"Salt Lake City, UT",active
2118,Salt Lake City/UT,active
2119,Salt Spring Island/BC,active
2120,Salta,active
2121,Salvador da Bahia,active
2122,Samaipata,active
2123,Samara,active
2124,Samara Private Game Reserve,active
2125,Samarkand,active
2126,Samburu Nationalpark,active
2127,Samburu Nationalreservat,active
2128,Samut Songkhram,active
2129,San Antonio de los Cobres,active
2130,San Antonio Tal,active
2131,San Antonio/TX,active
2132,San Clemente,active
2133,San Cristobal,active
2134,San Diego,active
2135,"San Diego, CA",active
2136,San Diego/CA,active
2137,San Francisco,active
2138,"San Francisco, CA",active
2139,San Francisco/CA,active
2140,San Gerardo de Dota,active
2141,San Gerardo de Rivas,active
2142,San Jose,active
2143,San Jose/CA,active
2144,San Juan/WA,active
2145,San Luis Obispo/CA,active
2146,San Martin de Los Andes,active
2147,San Martin des los Andes,active
2148,San Mateo/CA,active
2149,San Pedro,active
2150,San Pedro de Atacama,active
2151,San Pedro de Quemez,active
2152,San Simeon/CA,active
2153,Sandakan,active
2154,Sanibel Island/FL,active
2155,Sanibel/FL,active
2156,Santa Barbara,active
2157,Santa Barbara/CA,active
2158,Santa Cruz,active
2159,Santa Cruz de la Sierra,active
2160,Santa Cruz/CA,active
2161,Santa Elena de Uairen,active
2162,"Santa Fe, NM",active
2163,Santa Fe/NM,active
2164,Santa Maria Peninsula,active
2165,Santa Marta,active
2166,Santa Monica,active
2167,Santa Monica/CA,active
2168,Santa Rosa/NM,active
2169,Santiago de Chile,active
2170,Santo Domingo,active
2171,Santorin,active
2172,Sanur,active
2173,Sanya,active
2174,Sao Jorge,active
2175,Sao Paulo,active
2176,Sao Roque,active
2177,Sao Sebastiao,active
2178,Sao Tome,active
2179,Sapa,active
2180,Sapporo,active
2181,Saragossa Game Reserve,active
2182,Sarapiqui,active
2183,Sarapiqui.,active
2184,Sarasota/FL,active
2185,Sari,active
2186,Sarsfield,active
2187,Saskatchewan River Crossing/AB,active
2188,Sault Ste. Marie/MI,active
2189,Sault Ste. Marie/ON,active
2190,Savaii,active
2191,Savannah,active
2192,"Savannah, GA",active
2193,Savannah/GA,active
2194,Savuti Kanal,active
2195,Scamander,active
2196,Schiff,active
2197,Schoemanskloof,active
2198,Scone,active
2199,Scottsdale/AZ,active
2200,Seattle,active
2201,Seattle/WA,active
2202,Seaview/WA,active
2203,Sechelt/BC,active
2204,Sedona/AZ,active
2205,Sekaroh,active
2206,Sekotong,active
2207,Seligman/AZ,active
2208,Selinda Game Reserve,active
2209,Sellfoss,active
2210,Seminyak,active
2211,Senga Bay,active
2212,Senggigi,active
2213,Seoul,active
2214,Sequim/WA,active
2215,Sequoia Nationalpark/CA,active
2216,Serekunda,active
2217,Serengeti Nationalpark,active
2218,Serowe,active
2219,Sesfontein,active
2220,Sesriem,active
2221,Sevilla,active
2222,Seward/AK,active
2223,SFO,active
2224,Shaba Nationalpark,active
2225,Shahdad,active
2226,Shakawe,active
2227,Shamwari Game Reserve,active
2228,Shanghai,active
2229,Shantanparra,active
2230,Sharjah,active
2231,Shediac/NB,active
2232,Sheki,active
2233,Sheridan/WY,active
2234,Shilin,active
2235,Shimanto,active
2236,Shiraz,active
2237,Shiretoko,active
2238,Sian Ka an,active
2239,Siavonga,active
2240,Sidemen,active
2241,Siem Reap,active
2242,Siesta Key/FL,active
2243,Sigiriya,active
2244,Silhouette,active
2245,Silver Lake/WA,active
2246,Silverton/OR,active
2247,Simons Town,active
2248,Singapur,active
2249,Sioux Falls/SD,active
2250,Sister Bay/WI,active
2251,Skaftafell,active
2252,Skagway/AK,active
2253,Skeleton Coast,active
2254,Smithers/BC,active
2255,Snaefellsnes,active
2256,Sodwana Bay,active
2257,Solitaire,active
2258,Solvang/CA,active
2259,Somerset West,active
2260,Songimvelo Game Reserve,active
2261,Sonora/CA,active
2262,Soomaa,active
2263,Sorrento/BC,active
2264,"South Coast, ME",active
2265,South Lake Tahoe/CA,active
2266,South Luangwa NP,active
2267,"South Shore, NS",active
2268,South Stradbroke Island,active
2269,South West Rocks,active
2270,Southampton/NY,active
2271,Spokane/WA,active
2272,Springbok,active
2273,Springdale/NF,active
2274,Springfield/IL,active
2275,Springfield/MA,active
2276,Springfield/MO,active
2277,Sri Lanka,active
2278,St-Andre,active
2279,St-Anne,active
2280,St-Denis,active
2281,St-Gilles-les-Bains,active
2282,St-Joseph,active
2283,St. Anthony/NL,active
2284,St. Augustine/FL,active
2285,St. Bride`s/NF,active
2286,St. Francis Bay,active
2287,St. Helena Bay,active
2288,St. Helens,active
2289,St. Ignace/MI,active
2290,St. John's/NF,active
2291,St. John's/NL,active
2292,St. Louis,active
2293,"St. Louis, MO",active
2294,St. Louis/MO,active
2295,St. Lucia,active
2296,St. Marys,active
2297,St. Moritz,active
2298,St. Petersburg/FL,active
2299,Stanford,active
2300,Stanley,active
2301,Stanthorpe,active
2302,Staveley,active
2303,Steamboat Springs/CO,active
2304,Stellenbosch,active
2305,Stewart Island,active
2306,Still Bay,active
2307,Stockbridge/MA,active
2308,Stony Creek,active
2309,Storslett,active
2310,Stowe/VT,active
2311,Strahan,active
2312,Stratford,active
2313,Strathgordon,active
2314,Streaky Bay,active
2315,Struisbaai,active
2316,Sturbridge/MA,active
2317,Stykkishólmur,active
2318,Sucre,active
2319,Sudbury/ON,active
2320,Sukawati,active
2321,Sukhothai,active
2322,Summerland/BC,active
2323,Sun City,active
2324,Sun Moon Lake,active
2325,Sunriver/OR,active
2326,Sunshine Coast,active
2327,Surfers Paradise,active
2328,Suryanelli,active
2329,Sutton/AK,active
2330,Suva,active
2331,Südschweden,active
2332,Swakopmund,active
2333,Swan Hill,active
2334,Swansea,active
2335,Swellendam,active
2336,Sydney,active
2337,Sylt,active
2338,Syracuse/NY,active
2339,Tabanan,active
2340,Tabin,active
2341,Table Mountain NP,active
2342,Tadoussac/QC,active
2343,Tadschikistan,active
2344,Taganga,active
2345,Tagish Lake/YT,active
2346,Tahaa,active
2347,Tahiti,active
2348,Tahoe City/CA,active
2349,Taihape,active
2350,Tailem Bend,active
2351,Taipa,active
2352,Taipei,active
2353,Takamatsu,active
2354,Takayama,active
2355,Takou River,active
2356,Talkeetna/AK,active
2357,Tallahassee/FL,active
2358,Taman Negara,active
2359,Tamarindo,active
2360,Tambor,active
2361,Tamil,active
2362,"Tampa, FL",active
2363,Tampa/FL,active
2364,Tamworth,active
2365,Tanah Lot,active
2366,Tanga,active
2367,Tangalle,active
2368,Tanja,active
2369,Tankwa Karoo,active
2370,Tanna,active
2371,Taoif,active
2372,Tarangire Nationalpark,active
2373,Tarcoles,active
2374,Taree,active
2375,Taroudant,active
2376,Tarraleah,active
2377,Tarrytown/NY,active
2378,Tashinga,active
2379,Tata,active
2380,Tatamagouche,active
2381,Tatamagouche/NS,active
2382,Taumarunui,active
2383,Taupo,active
2384,Tauranga,active
2385,Taveuni,active
2386,Tayrona Nationalpark,active
2387,Te Anau,active
2388,Te Awamutu,active
2389,Te Kaha,active
2390,Te Urewera,active
2391,Tekapo,active
2392,Tela,active
2393,Telavi,active
2394,Tembe Elephant Park,active
2395,Temuco,active
2396,Teneriffa,active
2397,Tennant Creek,active
2398,Tenorio,active
2399,Terceira,active
2400,Terra Nova Nationalpark/NF,active
2401,Testort,active
2402,Tetiaroa,active
2403,Thames,active
2404,Thaton,active
2405,Thattekkad,active
2406,The Caves,active
2407,Thekkady,active
2408,Thimphu,active
2409,Thornybush Game Reserve,active
2410,Thredbo,active
2411,Three Rivers/CA,active
2412,Thunder Bay/ON,active
2413,Tiflis,active
2414,Tikehau,active
2415,Tilba Tilba,active
2416,Tilcara,active
2417,Tilmouth Well,active
2418,Timaru,active
2419,Timbavati Game Reserve,active
2420,Timber Creek,active
2421,Tioman Island,active
2422,Tirasberge,active
2423,Tissamaharama,active
2424,Titicaca-See,active
2425,Titusville/FL,active
2426,Tobago,active
2427,Tobermory/ON,active
2428,Tofino,active
2429,Tofino/BC,active
2430,Tofo Beach,active
2431,Tok/AK,active
2432,Tokio,active
2433,Tokoroa,active
2434,Tokushima,active
2435,Tokyo,active
2436,Tolaga Bay,active
2437,Toledo District,active
2438,Tolhuin,active
2439,Tolwuja (Karelien),active
2440,Tom Price,active
2441,Tongariro Nationalpark,active
2442,Tongatapu,active
2443,Toronto,active
2444,Toronto/ON,active
2445,Torquay,active
2446,Torres del Paine,active
2447,Torrey/UT,active
2448,Tortuguero,active
2449,Touws River,active
2450,Town of 1770,active
2451,Townsville,active
2452,Trabzon,active
2453,Trang,active
2454,Traralgon,active
2455,"Traverse City, MI",active
2456,Traverse City/MI,active
2457,Trawal,active
2458,Tremblant/QC,active
2459,Triabunna,active
2460,Trincomalee,active
2461,Trinidad,active
2462,Trinidad Topes de Collantes,active
2463,Trinité,active
2464,Trois-Rives/QC,active
2465,Trois Ilets,active
2466,Trois Rivieres/QC,active
2467,Truro/NS,active
2468,Tsangajoly,active
2469,Tsavo East Nationalpark,active
2470,Tsavo West Nationalpark,active
2471,Tsawwassan/BC,active
2472,Tsetang,active
2473,Tsitsikamma NP,active
2474,Tsodilo Hills,active
2475,Tsumeb,active
2476,Tsurui,active
2477,Tswalu Kalahari Game Reserve,active
2478,Tucson/AZ,active
2479,Tufi,active
2480,Tujereng,active
2481,Tulamben,active
2482,Tulbagh,active
2483,Tuli Block,active
2484,Tulsa/OK,active
2485,Tulum,active
2486,Tupelo/MS,active
2487,Turangi,active
2488,Turkey Creek,active
2489,Turrialba,active
2490,Tutukaka,active
2491,Twentynine Palms/CA,active
2492,Twillingate/NL,active
2493,Twizel,active
2494,Twyfelfontein,active
2495,Tzaneen,active
2496,Ua Huka,active
2497,Ubud,active
2498,ubud,active
2499,Ucluelet/BC,active
2500,Udaipur,active
2501,Uis,active
2502,Uitenhage,active
2503,Ulaanbaatar,active
2504,Ulaman Eco Luxury Resort,active
2505,Uluwatu,active
2506,Umm Al Quwain,active
2507,Undara,active
2508,Underberg,active
2509,Upington,active
2510,Upolu,active
2511,US2,active
2512,Usakos,active
2513,Ushuaia,active
2514,Utica/NY,active
2515,Uvita,active
2516,Uwajima,active
2517,Uxmal,active
2518,Uyuni,active
2519,Vacouver/BC,active
2520,Valdez/AK,active
2521,Valdivia,active
2522,Valemount/BC,active
2523,Valparaiso,active
2524,Vanadzor,active
2525,Vancouver,active
2526,Vancouver/BC,active
2527,Vancouver/WA,active
2528,Vanua Levu,active
2529,Varadero,active
2530,Vavau,active
2531,Vejer de la Frontera,active
2532,Vernal/UT,active
2533,Vernon Hills/IL,active
2534,Vernon/BC,active
2535,Vero Beach/FL,active
2536,Vestmannaeyjabaer,active
2537,Vicksburg/MS,active
2538,Victor Harbor,active
2539,Victoria Bay,active
2540,Victoria Falls,active
2541,Victoria/BC,active
2542,Vientiane,active
2543,Vilanculos,active
2544,Villa La Angostura,active
2545,Villa O'Higgins,active
2546,Villa Union,active
2547,Villarrica,active
2548,Vina del Mar,active
2549,Vinak,active
2550,Vinales,active
2551,Virginia Beach/VA,active
2552,"Visalia, CA",active
2553,Visalia/CA,active
2554,Viti Levu,active
2555,"Volcano, HI",active
2556,Volcano/HI,active
2557,Vryburg,active
2558,Vwaza Marsh Wildlife Reserve,active
2559,Wagga Wagga,active
2560,Wahiba Wüste,active
2561,Waihau Bay,active
2562,Waiheke Island,active
2563,Waikanae,active
2564,Waikiki,active
2565,Waikoloa/HI,active
2566,Waipoua Forest,active
2567,Wairoa,active
2568,Waitomo,active
2569,Waldport/OR,active
2570,Walhalla,active
2571,Walla Walla/WA,active
2572,Walpole,active
2573,Walvis Bay,active
2574,Wanaka,active
2575,Wanganui,active
2576,Wangaratta,active
2577,Warburton,active
2578,Warkworth,active
2579,Warrnambool,active
2580,Wartook,active
2581,Washington D.C.,active
2582,Washington/DC,active
2583,Watamu,active
2584,Waterberg,active
2585,Waterberg SA,active
2586,Waterton/AB,active
2587,Waterval Boven,active
2588,Wauchope,active
2589,Wave Rock,active
2590,Welgevonden Game Reserve,active
2591,Welland/ON,active
2592,Wellington,active
2593,Wellington SA,active
2594,Wellsford,active
2595,West Bali National Park,active
2596,West Chester/PA,active
2597,West Dover/NS,active
2598,West Kilimanjaro,active
2599,West Stockbridge/MA,active
2600,West Yellowstone/MT,active
2601,Westport,active
2602,Westport/WA,active
2603,Whakamaru,active
2604,Whakatane,active
2605,Whangamata,active
2606,Whanganui,active
2607,Whangarei,active
2608,Whataroa,active
2609,Whidbey Island   Langley/WA,active
2610,Whidbey Island/WA,active
2611,Whistler/BC,active
2612,White Cliffs,active
2613,White Mountains/NH,active
2614,White River,active
2615,White Sulphur Springs/MT,active
2616,Whitehorse/YT,active
2617,Whitepoint/NS,active
2618,"Wichita Falls, TX",active
2619,Wichita/KS,active
2620,Wilcannia,active
2621,Wild Coast,active
2622,Wilderness,active
2623,Wilhelmstal,active
2624,Willaura,active
2625,William Creek,active
2626,Williams,active
2627,Williams Lake/BC,active
2628,Williams/AZ,active
2629,Williamsburg/VA,active
2630,Williamsport/PA,active
2631,Willowmore,active
2632,"Wilmington, NC",active
2633,Wilmington/DE,active
2634,Wilmington/NC,active
2635,Wilmington/VT,active
2636,Wilmot,active
2637,Wilson Island,active
2638,Wilsons Promontory,active
2639,Windhoek,active
2640,Windorah,active
2641,Windsor/NS,active
2642,Winston-Salem/NC,active
2643,Winterton,active
2644,Winthrop/WA,active
2645,Winton,active
2646,Witless Bay/NF,active
2647,Witsand,active
2648,Wodonga,active
2649,Wolfville,active
2650,"Wolfville, NS",active
2651,Wollongong,active
2652,Wüstencamp,active
2653,Wye River,active
2654,Wyndham,active
2655,Wynyard,active
2656,Wytheville/VA,active
2657,Xian,active
2658,Yakima/WA,active
2659,Yala,active
2660,Yallingup,active
2661,Yangon,active
2662,Yangtze,active
2663,Yanque,active
2664,Yarmouth/NS,active
2665,Yarra Valley,active
2666,Yasawa Inseln,active
2667,Yazd,active
2668,Yellowknife/NWT,active
2669,Yellowstone Nationalpark/WY,active
2670,Yellowstone/WY,active
2671,Yen Tu Mountain,active
2672,Yeppoon,active
2673,Yirga Alem,active
2674,Yogyakarta,active
2675,York,active
2676,York/PA,active
2677,"Yosemite, CA",active
2678,Yosemite/CA,active
2679,Younghusband,active
2680,Yucay,active
2681,Yudanaka,active
2682,Yushan,active
2683,Yzerfontein,active
2684,Zammour,active
2685,Zanda,active
2686,Zanzibar,active
2687,Zapallar,active
2688,Zion Nationalpark/UT,active
2689,Zion/UT,active
2690,Zorritos,active
2691,Zugfahrt,active
2692,Zuheros,active
2693,Zululand,active
2694,Zürich,active
2695,Bangalore,in review
2696,Chennai,in review
2697,Kozhikode,in review
2698,Medan,in review
2699,Surabaya,in review
2700,Hakodate,in review
2701,Hat Yai,in review
2702,Heho,in review
2703,Port Vila,in review
2704,Tuamotu Inseln,in review
2705,Pitcairn,in review
2706,Round Island,in review
2707,Horopito,in review
2708,Middleton,in review
2709,Wilpena Pound,in review
2710,Mkambati Nature Reserve,in review
2711,Selous Game Reserve,in review
2712,Ibiti,in review
2713,3309,in review
2714,Hawaii,in review
2715,Kalifornien,in review
2716,Ostküste,in review
